{"ratio": 1.4414893617021276, "error": 0.4414893617021276, "trajectory_length": 1980.3208499126054, "mean_r": 354.2347643125729, "stdev": 59.45377612759422}