{"ratio": 0.8846153846153846, "error": 0.11538461538461542, "trajectory_length": 2070.751323692157, "mean_r": 275.990223067023, "stdev": 96.78890006592813}