{"ratio": 1.1704095112285338, "error": 0.17040951122853376, "trajectory_length": 2293.3993070788547, "mean_r": 401.4863571226654, "stdev": 74.09494483682168}